Exon 1,missense mutation,G51D,Severe,Bunge S,Hum Mol Genet 3: 861-866 (1994)
Exon 2,missense mutation,A75T,Severe,Clarke LA,Hum Mutat 3: 275-282 (1994)
Exon 3,missense mutation,T103P,Severe,Bertola F,Hum Mutat 32: E2189-210 (2011)
Exon 4,missense mutation,A160D,Severe,Venturi N,Hum Mutat 20: 231 (2002)
Exon 5,missense mutation,F177S,Severe,Chkioua L,Diagn Pathol 6: 47 (2011)
Exon 5,missense mutation,E178K,Severe,Venturi N,Hum Mutat 20: 231 (2002)
Exon 5,missense mutation,T179R,Severe,Wang X,Clin Genet 81: 443-52. (2012)
Exon 5,missense mutation,E182K,Severe,Brooks DA,Glycobiology 11: 741-750 (2001)
Exon 5,missense mutation,E182D,Severe,Wang X,Clin Genet 81: 443-52. (2012)
Exon 5,missense mutation,P183R,Severe,Venturi N,Hum Mutat 20: 231 (2002)
Exon 6,missense mutation,G208V,Severe,Beesley CE,Hum Genet 109: 503-511 (2001)
Exon 6,missense mutation,G208D,Severe,Li P,Genet Med 4: 420-426 (2002)
Exon 6,missense mutation,L218P,Severe,Bunge S,Hum Mol Genet 3: 861-866 (1994)
Exon 6,missense mutation,L237R,Severe,Wang X,Clin Genet 81: 443-52. (2012)
Exon 6,missense mutation,L238R,Severe,Wang X,Clin Genet 81: 443-52. (2012)
Exon 7,missense mutation,I270S,Severe,Laradi S,J Inherit Metab 28: 1019-1026 (2005)
Exon 7,missense mutation,D315Y,Severe,Scott HS,Hum Mutat 6: 288-302. (1995)
Exon 8,missense mutation,A327P,Severe,Bunge S,Hum Mutat 6: 91-94 (1995)
Exon 8,missense mutation,D349N,Severe,Scott HS,Hum Mutat 6: 288-302. (1995)
Exon 8,missense mutation,R363C,Severe,Yogalingam G,Hum Mutat 24: 199-207 (2004)
Exon 8,missense mutation,T366P,Severe,Bach G,Am J Hum Genet 53: 330-338 (1993)
Exon 8,missense mutation,P385R,Severe,Bertola F,Hum Mutat 32: E2189-210 (2011)
Exon 8,missense mutation,T388R,Severe,Bartholomew D,Hum Mutat 12:291 (1998)
Exon 10,missense mutation,R489P,Severe,Bunge S,Hum Mol Genet 3: 861-866 (1994)
Exon 11,missense mutation,P533L,Severe,Voskoboeva EY,Mol Genet Metab 65: 174-180 (1998)
Exon 14,missense mutation,V620F,Severe,Vazna A,Am J Med Genet A 149A: 965-974 (2009)
Exon 14,missense mutation,R628P,Severe,Matte U,Mol Genet Metab 78: 37-43 (2003)
Exon 11,missense mutation,P533R,Severe-Intermediate,Scott HS,Hum Mutat 1: 333-339 (1992)
Exon 1,missense mutation,H33P,Intermediate,Wang X,Clin Genet 81: 443-52. (2012)
Exon 2,missense mutation,A75P,Intermediate,Voskoboeva EY,Mol Genet Metab 65: 174-180 (1998)
Exon 2,missense mutation,H82P,Intermediate,Clarke LA,Hum Mol Genet 2: 1311-1312 (1993)
Exon 6,missense mutation,L238Q,Intermediate,Yogalingam G,Hum Mutat 24: 199-207 (2004)
Exon 7,missense mutation,G265R,Intermediate,Yogalingam G,Hum Mutat 24: 199-207 (2004)
Exon 8,missense mutation,L346R,Intermediate,Teng YN,Clin Genet 57: 131-136 (2000)
Exon 8,missense mutation,R363H,Intermediate,Sun L,Genet Mol Biol 34: 195-200 (2011)
Exon 8,missense mutation,T364M,Intermediate,Lee-Chen GJ,J Med Genet 34: 939-941 (1997)
Exon 9,missense mutation,A436P,Intermediate,Bertola F,Hum Mutat 32: E2189-210 (2011)
Exon 10,missense mutation,P496L,Intermediate,Tieu PT,Hum Mutat 6: 55-59 (1995)
Exon 11,missense mutation,L535F,Intermediate,Bertola F,Hum Mutat 32: E2189-210 (2011)
Exon 13,missense mutation,F602I,Intermediate,Yogalingam G,Hum Mutat 24: 199-207 (2004)
Exon 14,missense mutation,R619G,Intermediate,Lee-Chen GJ,Clin Genet 56: 66-70 (1999)
Exon 10,missense mutation,L490P,Attenuated-Intermediate,Tieu PT,Hum Mutat 6: 55-59 (1995)
Exon 2,missense mutation,Y76C,Attenuated,Bertola F,Hum Mutat 32: E2189-210 (2011)
Exon 2,missense mutation,R89Q,Attenuated,Scott HS,Hum Mutat 6: 288-302 (1995)
Exon 6,missense mutation,D203N,Attenuated,Dou W,Zhonghua Yi Xue Yi Chuan Xue Za Zhi 24: 136-139 (2007)
Exon 6,missense mutation,C205Y,Attenuated,Beesley CE,Hum Genet 109: 503-511 (2001)
Exon 6,missense mutation,H240R,Attenuated,Beesley CE,Hum Genet 109: 503-511 (2001)
Exon 7,missense mutation,E276K,Attenuated,Prommajan K,Mol Vis 17: 456-60 (2011)
Exon 7,missense mutation,A319V,Attenuated,Beesley CE,Hum Genet 109: 503-511 (2001)
Exon 8,missense mutation,N348K,Attenuated,Bertola F,Hum Mutat 32: E2189-210 (2011)
Exon 8,missense mutation,N350I,Attenuated,Matte U,Mol Genet Metab 78: 37-43 (2003)
Exon 8,missense mutation,T374N,Attenuated,Furukawa Y,J Neurol Sci 302: 121-125 (2011)
Exon 8,missense mutation,Q380R,Attenuated,Scott HS,Hum Mutat 6: 288-302 (1995)
Exon 8,missense mutation,R383H,Attenuated,Bunge S,Hum Mutat 6: 91-94 (1995)
Exon 10,missense mutation,R492P,Attenuated,Tieu PT,Hum Mutat 6: 55-59 (1995)
Exon 13,missense mutation,L578Q,Attenuated,Chkioua L,Diagn Pathol 6: 39 (2011)
Exon 14,missense mutation,S633L,Attenuated,Beesley CE,Hum Genet 109: 503-511 (2001)
